<?xml version="1.0" encoding="UTF-8"?>
<!--
    This code is copyright (c) 2014 EMC Corporation.
-->
<!--
    This the spring context configuration file specific to local app.

    Changes V1.1:
        1. add synchronization scheduled tasks.

    @author zsudraco, TCSASSEMBLER
    @verion 1.1
-->
<beans xmlns="http://www.springframework.org/schema/beans"
    xmlns:jee="http://www.springframework.org/schema/jee"
    xmlns:xsi="http://www.w3.org/2001/XMLSchema-instance"
    xmlns:mvc="http://www.springframework.org/schema/mvc"
    xmlns:context="http://www.springframework.org/schema/context"
    xmlns:tx="http://www.springframework.org/schema/tx"
    xmlns:task="http://www.springframework.org/schema/task"
    xmlns:aop="http://www.springframework.org/schema/aop"
    xsi:schemaLocation="
       http://www.springframework.org/schema/mvc
       http://www.springframework.org/schema/mvc/spring-mvc-3.2.xsd
       http://www.springframework.org/schema/beans
       http://www.springframework.org/schema/beans/spring-beans-3.2.xsd
       http://www.springframework.org/schema/context
       http://www.springframework.org/schema/context/spring-context-3.2.xsd
       http://www.springframework.org/schema/tx
       http://www.springframework.org/schema/tx/spring-tx-3.2.xsd
       http://www.springframework.org/schema/task
       http://www.springframework.org/schema/task/spring-task-3.2.xsd
       http://www.springframework.org/schema/jee
       http://www.springframework.org/schema/jee/spring-jee-3.2.xsd
       http://www.springframework.org/schema/aop
       http://www.springframework.org/schema/aop/spring-aop-3.2.xsd
       ">

    <bean id="localPropertyPlaceholderConfigurer" class="org.springframework.beans.factory.config.PropertyPlaceholderConfigurer">
        <property name="locations">
            <array>
                <value>classpath:cloudurl.properties</value>
                <value>classpath:job.properties</value>
            </array>
        </property>
    </bean>

    <!-- EntityManagerFactory -->
    <bean id="entityManagerFactory" class="org.springframework.orm.jpa.LocalContainerEntityManagerFactoryBean">
        <property name="dataSource" ref="dataSource" />
        <property name="persistenceUnitName" value="persistenceUnit" />
        <property name="jpaVendorAdapter">
            <bean class="org.springframework.orm.jpa.vendor.HibernateJpaVendorAdapter">
                <property name="database" value="H2" />
            </bean>
        </property>

        <property name="jpaProperties">
            <props>
                <prop key="hibernate.dialect">org.hibernate.dialect.H2Dialect</prop>
                <prop key="hibernate.show_sql">false</prop>
                <prop key="hibernate.format_sql">true</prop>
                <prop key="hibernate.cache.use_second_level_cache">true</prop>
                <prop key="hibernate.cache.use_query_cache">true</prop>
                <prop key="hibernate.generate_statistics">true</prop>
                <prop key="hibernate.cache.region.factory_class">org.hibernate.cache.EhCacheRegionFactory</prop>
            </props>
        </property>
    </bean>

    <!-- DataSource -->
    <bean id="dataSource" class="org.apache.commons.dbcp.BasicDataSource" destroy-method="close">
        <property name="driverClassName" value="${jdbc.driver}" />
        <property name="url" value="${jdbc.url}" />
        <property name="username" value="${jdbc.username}" />
        <property name="password" value="${jdbc.password}" />
    </bean>

    <!-- MailSender -->
    <bean id="mailSenderFactory" class="com.emc.gs.tools.srf.services.impl.LocalMailSenderFactoryImpl">
        <property name="smtpHost" value="${smtp.host}"></property>
        <property name="smtpPort" value="${smtp.port}"></property>
    </bean>

    <!-- UserService -->
    <bean id="userService" class="com.emc.gs.tools.srf.services.impl.LocalUserServiceImpl">
        <property name="entityManager" ref="entityManager" />
        <property name="synchronizationService" ref="synchronizationService"/>
        <property name="profileService" ref="profileServiceImpl" />
    </bean>

    <!-- AppService -->
    <bean id="appService" class="com.emc.gs.tools.srf.services.impl.LocalAppServiceImpl">
        <property name="entityManager" ref="entityManager" />
        <property name="standaloneMode" value="false" />
    </bean>

    <!-- TaskExecutor for submit -->
    <bean id="submitTaskExecutor" class="org.springframework.scheduling.concurrent.ThreadPoolTaskExecutor">
	    <property name="corePoolSize" value="5" />
	    <property name="maxPoolSize" value="10" />
	    <property name="queueCapacity" value="25" />
    </bean>

    <!-- SynchronizationService -->
    <bean id="synchronizationService" class="com.emc.gs.tools.srf.services.impl.SynchronizationServiceImpl">
        <property name="entityManager" ref="entityManager" />
        <property name="requestService" ref="requestServiceImpl" />
        <property name="customerService" ref="customerServiceImpl" />
        <property name="profileService" ref="profileServiceImpl" />
        <property name="operationLogService" ref="operationLogServiceImpl" />
        <property name="attachmentFolder" value="${attachments.folder}" />
        <property name="cloudServiceUrlBase" value="${cloudServiceUrlBase}"/>
        <property name="emailHeaderName" value="${emailHeaderName}"/>
        <property name="firstNameHeaderName" value="${firstNameHeaderName}"/>
        <property name="lastNameHeaderName" value="${lastNameHeaderName}"/>
        <property name="jobTitleHeaderName" value="${titleHeaderName}"/>
        <property name="countryHeaderName" value="${countryHeaderName}"/>
        <property name="userIdentifierHeaderName" value="${userIdentifierHeaderName}"/>
        <property name="syncOpLogHeaderName" value="${syncOpLogHeaderName}"/>
    </bean>

    <!-- The AOP synchronizer -->
    <bean id="AOPSynchronizer" class="com.emc.gs.tools.srf.services.impl.AOPSynchronizer">
        <property name="synchronizationService" ref="synchronizationService"/>
    </bean>
    <aop:aspectj-autoproxy/>

    <bean id="synchronizationJob" class="com.emc.gs.tools.srf.job.SynchronizationJob">
        <property name="synchronizationService" ref="synchronizationService"/>
        <property name="entityManager" ref="entityManager"/>
    </bean>
    
    <!-- UserAdminService -->
    <bean id="userAdminService" class="com.emc.gs.tools.srf.services.impl.LocalUserAdminServiceImpl">
	</bean>

    <task:scheduled-tasks>
        <!-- By default, these tasks run using a single-threaded Executor. This is perfect for a local application.-->
        <task:scheduled ref="synchronizationJob"
                        method="syncUp" cron="${job.syncUp.cron}"/>
        <task:scheduled ref="synchronizationJob"
                        method="syncDown" cron="${job.syncDown.cron}"/>
    </task:scheduled-tasks>
</beans>
