<?xml version="1.0"?>
<!DOCTYPE Configure PUBLIC "-//Jetty//Configure//EN" "http://www.eclipse.org/jetty/configure.dtd">

<!-- =============================================================== -->
<!-- Configure the Jetty Server -->
<!-- -->
<!-- Documentation of this file format can be found at: -->
<!-- http://wiki.eclipse.org/Jetty/Reference/jetty.xml_syntax -->
<!-- -->
<!-- Additional configuration files are available in $JETTY_HOME/etc -->
<!-- and can be mixed in. For example: -->
<!-- java -jar start.jar etc/jetty-ssl.xml -->
<!-- -->
<!-- See start.ini file for the default configuraton files -->
<!-- =============================================================== -->


<Configure id="Server" class="org.eclipse.jetty.server.Server">

	<!-- =========================================================== -->
	<!-- Server Thread Pool -->
	<!-- =========================================================== -->
	<Set name="ThreadPool">
		<!-- Default queued blocking threadpool -->
		<New class="org.eclipse.jetty.util.thread.QueuedThreadPool">
			<Set name="minThreads">10</Set>
			<Set name="maxThreads">200</Set>
			<Set name="detailedDump">false</Set>
		</New>
	</Set>

	<Call class="java.lang.System" name="setProperty">
		<Arg>org.apache.jasper.compiler.disablejsr199</Arg>
		<Arg>true</Arg>
	</Call>

	<!-- =========================================================== -->
	<!-- Set connectors -->
	<!-- =========================================================== -->

	<Call name="addConnector">
		<Arg>
			<New class="org.eclipse.jetty.server.nio.SelectChannelConnector">
				<Set name="host">
					<Property name="jetty.host" />
				</Set>
				<Set name="port">
					<Property name="jetty.port" default="8080" />
				</Set>
				<Set name="maxIdleTime">300000</Set>
				<Set name="Acceptors">2</Set>
				<Set name="statsOn">false</Set>
				<Set name="confidentialPort">8443</Set>
				<Set name="lowResourcesConnections">20000</Set>
				<Set name="lowResourcesMaxIdleTime">5000</Set>
			</New>
		</Arg>
	</Call>

	<!-- =========================================================== -->
	<!-- Set handler Collection Structure -->
	<!-- =========================================================== -->
	<Set name="handler">
		<New id="Handlers" class="org.eclipse.jetty.server.handler.HandlerCollection">
			<Set name="handlers">
				<Array type="org.eclipse.jetty.server.Handler">
					<Item>
						<New id="Contexts"
							class="org.eclipse.jetty.server.handler.ContextHandlerCollection" />
					</Item>
					<Item>
						<New id="DefaultHandler" class="org.eclipse.jetty.server.handler.DefaultHandler" />
					</Item>
				</Array>
			</Set>
		</New>
	</Set>

	<!-- =========================================================== -->
	<!-- extra options -->
	<!-- =========================================================== -->
	<Set name="stopAtShutdown">true</Set>
	<Set name="sendServerVersion">true</Set>
	<Set name="sendDateHeader">true</Set>
	<Set name="gracefulShutdown">1000</Set>
	<Set name="dumpAfterStart">false</Set>
	<Set name="dumpBeforeStop">false</Set>

	<!-- =========================================================== -->
	<!-- configure rewrite handler -->
	<!-- =========================================================== -->
	<Get id="oldhandler" name="handler" />

	<Set name="handler">
		<New id="Rewrite" class="org.eclipse.jetty.rewrite.handler.RewriteHandler">
			<Set name="handler">
				<Ref id="oldhandler" />
			</Set>
			<Set name="rewriteRequestURI">true</Set>
			<Set name="rewritePathInfo">false</Set>
			<Set name="originalPathAttribute">requestedPath</Set>

			<Call name="addRule">
				<Arg>
					<New class="org.eclipse.jetty.rewrite.handler.RewriteRegexRule">
						<Set name="regex">^/$</Set>
						<Set name="replacement">/srt</Set>
					</New>
				</Arg>
			</Call>
		</New>
	</Set>
</Configure>