<?xml version="1.0" encoding="UTF-8"?>
<beans xmlns="http://www.springframework.org/schema/beans"
    xmlns:jee="http://www.springframework.org/schema/jee"
    xmlns:xsi="http://www.w3.org/2001/XMLSchema-instance"
    xmlns:mvc="http://www.springframework.org/schema/mvc"
    xmlns:context="http://www.springframework.org/schema/context"
    xmlns:tx="http://www.springframework.org/schema/tx"
    xmlns:task="http://www.springframework.org/schema/task"
    xmlns:util="http://www.springframework.org/schema/util"
    xsi:schemaLocation="
       http://www.springframework.org/schema/mvc
       http://www.springframework.org/schema/mvc/spring-mvc-3.2.xsd
       http://www.springframework.org/schema/beans
       http://www.springframework.org/schema/beans/spring-beans-3.2.xsd
       http://www.springframework.org/schema/context
       http://www.springframework.org/schema/context/spring-context-3.2.xsd
       http://www.springframework.org/schema/tx
       http://www.springframework.org/schema/tx/spring-tx-3.2.xsd
       http://www.springframework.org/schema/task
       http://www.springframework.org/schema/task/spring-task-3.2.xsd
       http://www.springframework.org/schema/jee
       http://www.springframework.org/schema/jee/spring-jee-3.2.xsd
       http://www.springframework.org/schema/util 
       http://www.springframework.org/schema/util/spring-util.xsd
       ">

    <bean id="dataSource" class="com.mchange.v2.c3p0.ComboPooledDataSource" destroy-method="close">
        <property name="driverClass" value="${jdbc.driver}"/>
        <property name="jdbcUrl" value="${jdbc.url}"/>
        <property name="user" value="${jdbc.username}"/>
        <property name="password" value="${jdbc.password}"/>
    </bean>

    <bean id="cloudPropertyPlaceholderConfigurer" class="org.springframework.beans.factory.config.PropertyPlaceholderConfigurer">
        <property name="locations">
            <array>
                <value>classpath:mailuser.properties</value>
            </array>
        </property>
    </bean>

    <!-- EntityManagerFactory -->
    <bean id="entityManagerFactory" class="org.springframework.orm.jpa.LocalContainerEntityManagerFactoryBean">
        <property name="dataSource" ref="dataSource" />
        <property name="persistenceUnitName" value="persistenceUnit" />
        <property name="jpaVendorAdapter">
            <bean class="org.springframework.orm.jpa.vendor.HibernateJpaVendorAdapter">
                <property name="database" value="${database}" />
            </bean>
        </property>

        <property name="jpaProperties">
            <props>
                <prop key="hibernate.dialect">${database.dialect}</prop>
                <prop key="hibernate.show_sql">false</prop>
                <prop key="hibernate.format_sql">true</prop>
                <prop key="hibernate.cache.use_second_level_cache">true</prop>
                <prop key="hibernate.cache.use_query_cache">true</prop>
                <prop key="hibernate.generate_statistics">true</prop>
                <prop key="hibernate.cache.region.factory_class">org.hibernate.cache.EhCacheRegionFactory</prop>
            </props>
        </property>
    </bean>

    <!-- MailSender -->
    <bean id="mailSender" class="org.springframework.mail.javamail.JavaMailSenderImpl">
        <property name="host" value="${smtp.host}"></property>
        <property name="port" value="${smtp.port}"></property>
        <property name="username" value="${smtp.username}"></property>
        <property name="password" value="${smtp.password}"></property>
    </bean>

    <bean id="mailSenderFactory" class="com.emc.gs.tools.srf.services.impl.CloudMailSenderFactoryImpl">
        <property name="mailSender" ref="mailSender"></property>
    </bean>

    <!-- UserService -->
    <bean id="userService" class="com.emc.gs.tools.srf.services.impl.CloudUserServiceImpl">
        <property name="entityManager" ref="entityManager" />
    </bean>

    <!-- AppService -->
    <bean id="appService" class="com.emc.gs.tools.srf.services.impl.CloudAppServiceImpl">
    </bean>

    <!-- TaskExecutor for submit -->
    <bean id="submitTaskExecutor" class="org.springframework.scheduling.concurrent.ThreadPoolTaskExecutor">
        <!-- Cloud app, hundreds concurrent users, use bigger pool capacity -->
        <property name="corePoolSize" value="50" />
        <property name="maxPoolSize" value="500" />
        <property name="queueCapacity" value="1000" />
    </bean>
    
    <!-- UserAdminService -->
    <bean id="userAdminService" class="com.emc.gs.tools.srf.services.impl.CloudUserAdminServiceImpl">
	    <property name="userAdmins" ref="userAdmins"/>
	</bean>
    
	<!-- The list of users (specified by user identifier) that have permission to manage non-submitters/approvers. -->
	<util:list id="userAdmins" value-type="java.lang.String">
	    <value>admin</value>
	</util:list>
</beans>
